 ,background,candy,egg tart,french fries,chocolate,biscuit,popcorn,pudding,ice cream,cheese butter,cake,wine,milkshake,coffee,juice,milk,tea,almond,red beans,cashew,dried cranberries,soy,walnut,peanut,egg,apple,date,apricot,avocado,banana,strawberry,cherry,blueberry,raspberry,mango,olives,peach,lemon,pear,fig,pineapple,grape,kiwi,melon,orange,watermelon,steak,pork,chicken duck,sausage,fried meat,lamb,sauce,crab,fish,shellfish,shrimp,soup,bread,corn,hamburg,pizza,hanamaki baozi,wonton dumplings,pasta,noodles,rice,pie,tofu,eggplant,potato,garlic,cauliflower,tomato,kelp,seaweed,spring onion,rape,ginger,okra,lettuce,pumpkin,cucumber,white radish,carrot,asparagus,bamboo shoots,broccoli,celery stick,cilantro mint,snow peas,cabbage,bean sprouts,onion,pepper,green beans,French beans,king oyster mushroom,shiitake,enoki mushroom,oyster mushroom,white button mushroom,salad,other ingredients
background,442387944,0,0,248510,621,159676,0,0,4074303,1638,1523741,69,1101556,40106,2737395,192038,0,1,0,0,0,84,0,0,138256,429878,0,0,0,441889,1357180,215731,130301,4412,12673,0,363097,160262,0,899,43292,72292,10,0,257838,17621,571499,2958,441394,1116,462,0,256364,0,30820,881,13496,33568,984762,960150,0,2101,0,0,25753,23711,567333,16968,0,0,392804,0,11066,126160,0,0,0,0,0,0,24080,6708,1381143,256,1589473,162669,0,117113,1033953,158023,20,54,0,31110,755759,292157,42573,0,1998,0,0,592,0,232
candy,77956,0,0,0,0,2556,0,0,32,0,10359,0,281,0,2492,17,0,0,0,0,0,0,0,0,85,11884,0,52,0,3419,10414,6479,16419,0,3,0,21686,1431,0,0,1,906,0,0,557,0,145,0,5,0,0,0,259,0,28,3873,0,0,32,1577,0,0,0,0,1001,0,127,0,0,0,18,0,0,1636,0,0,0,0,0,0,0,3,17960,0,6597,0,0,0,0,0,0,0,0,0,6108,12804,0,0,0,0,0,0,0,0
egg tart,30456,0,0,0,0,21638,0,0,1569,0,4395,0,0,0,54,0,0,0,0,0,0,0,0,0,0,1525,0,0,0,58037,1305,0,7,0,0,0,14715,12,0,0,389,139,0,0,1614,0,0,0,0,0,0,0,1331,0,0,0,0,0,191,0,0,0,0,0,0,0,0,0,0,0,140,0,0,0,0,0,0,0,0,0,0,0,2738,0,0,0,0,0,0,0,0,0,0,0,0,0,0,0,0,0,0,0,0,0
french fries,729586,0,0,2218391,0,95461,0,0,1975,16,44878,0,186,0,7927,0,0,2329,0,0,0,0,0,0,15009,20149,0,2227,0,347120,29342,826,0,0,898,0,35412,2650,0,55,9463,2495,0,0,11192,0,34897,0,67260,4627,0,0,10417,0,7346,21,67012,0,126126,598584,0,0,0,0,3219,0,17923,3696,0,0,77764,0,637,8297,0,0,0,0,0,0,0,170,83150,0,1346686,2660,0,6,61155,1,0,0,0,119,28039,20260,0,0,14,0,0,0,0,0
chocolate,281665,0,0,0,0,11235,0,0,64304,0,210991,0,5736,0,16419,0,0,0,0,0,0,0,0,0,0,9,0,0,0,314,208084,88028,725,0,0,0,1219,0,0,0,0,0,0,0,269,0,0,0,0,0,118,0,3932,0,0,205,0,0,0,0,0,0,0,0,0,0,0,0,0,0,0,0,0,0,0,0,0,0,0,0,0,0,1320,0,1556,0,0,0,0,0,0,0,0,0,1097,0,0,0,0,0,0,0,0,0
biscuit,1670421,0,0,115914,0,2132979,0,0,237332,3,1244012,0,3362,1087,14445,526,0,1512,0,0,0,77,0,0,22911,39325,0,247,0,403395,167703,39699,19383,0,3534,0,157954,605,0,3163,77311,8816,0,0,32564,0,5765,0,149563,149,8350,0,116492,0,4159,1329,1992,223,314810,397680,0,8332,0,0,75332,29690,101438,41903,0,0,79636,0,181,4197,0,0,0,0,0,0,2598,1658,133802,0,343514,1339,0,88,7607,172,0,0,0,670,8025,7821,7226,0,0,0,0,0,0,0
popcorn,75784,0,0,7,0,18725,0,0,2062,0,8948,0,0,0,752,0,0,2571,0,0,0,22,0,0,133,0,0,0,0,1570,2736,6230,4355,0,117,0,1476,0,0,0,3,2600,0,0,8,0,82,0,84,12,0,0,9587,0,0,0,30,0,35,161901,0,0,0,0,9021,0,2908,0,0,0,2,0,0,3,0,0,0,0,0,0,0,0,0,0,550,0,0,0,0,42,0,0,0,0,16,124005,0,0,0,0,0,0,0,408
pudding,10337,0,0,0,0,0,0,0,114409,0,21,0,0,0,47910,0,0,0,0,0,0,0,0,0,0,0,0,0,0,0,469,654,0,0,0,0,0,0,0,0,0,0,0,0,0,0,0,0,0,0,0,0,0,0,0,0,0,0,0,0,0,0,0,0,0,0,0,0,0,0,0,0,0,0,0,0,0,0,0,0,0,0,0,0,0,0,0,0,0,0,0,0,0,0,0,0,0,0,0,0,0,0,0,0
ice cream,2958809,0,0,46691,0,181520,0,0,6184135,10725,852026,0,337852,110,273498,22296,0,0,0,0,0,604,0,0,400388,54156,0,0,0,178389,224857,28300,21085,0,11190,0,57633,33097,0,0,33525,9059,894,0,88125,1900,87342,9469,91247,23,0,0,679269,0,21055,98,3311,39808,261182,103857,0,3,0,0,45523,141,488030,1634,0,0,333269,0,19842,9314,0,0,0,0,0,0,16149,25,312410,292,87626,0,0,18477,28305,5669,0,2376,0,11546,51082,148490,0,0,0,0,0,0,0,0
cheese butter,1011270,0,0,38856,0,49201,0,0,326930,10377,349400,0,36231,203,167735,497,0,249,0,0,0,692,0,0,128531,31663,0,0,0,123604,46576,3403,1845,0,6662,0,129929,3206,0,0,96962,3739,0,0,34640,4,76880,0,93388,464,0,0,150668,0,1294,0,31403,124,355949,335116,0,29344,0,0,71489,17915,212035,5045,0,0,119798,0,5498,29614,0,0,0,0,0,0,11644,5369,128918,0,78968,9008,0,23249,5595,8208,0,0,0,20844,44453,22103,35,0,0,0,0,49,0,0
cake,2755931,0,0,104574,0,277316,0,0,1637984,180,5591298,0,83962,717,243401,0,0,0,0,0,0,10,0,0,25212,33079,0,0,0,203581,1071434,302697,8206,5,19727,0,429053,2986,0,77,21482,1555,0,0,50485,0,74249,189,189522,2063,3135,0,57993,0,2351,0,399,12,613689,238235,0,861,0,0,28897,671,59114,10636,0,0,62038,0,0,38253,0,0,0,0,0,0,458,406,28976,0,340858,821,0,210,1348,48,0,0,0,18,10756,198,0,0,0,0,0,0,0,0
wine,830801,0,0,0,0,0,0,0,1920,0,0,641,24325,2389,331484,1731,0,0,0,0,0,0,0,0,0,2285,0,0,0,0,205,5799,0,0,0,0,84,503,0,0,0,0,0,0,573,2748,405,0,522,3,0,0,381,0,0,0,0,0,0,0,0,0,0,0,0,0,0,0,0,0,0,0,0,28,0,0,0,0,0,0,0,0,0,0,1568,0,0,0,28,0,0,0,0,0,30935,0,0,0,0,0,0,0,0,0
milkshake,537210,0,0,0,0,34,0,0,91163,0,2156,0,932031,71,1398323,16834,0,0,0,0,0,0,0,0,17702,679,0,0,0,3395,1975,5215,77,0,0,0,2817,683,0,0,139,0,0,0,15535,1299,8168,0,0,0,0,0,3530,0,3423,0,0,2752,3538,700,0,0,0,0,455,5,972,1764,0,0,0,0,0,7,0,0,0,0,0,0,0,0,0,0,7606,2,0,0,0,252,0,0,0,0,1793,212,0,0,0,0,0,0,0,24
coffee,475309,0,0,27,0,220,0,0,19481,0,834,1950,22093,200118,354944,0,0,0,0,0,0,0,0,0,0,0,0,0,0,0,145,5801,9,0,0,0,762,1130,0,0,0,0,0,0,3117,0,0,0,0,0,0,0,81277,0,0,0,0,46804,2406,0,0,0,0,0,0,0,0,0,0,0,0,0,0,0,0,0,0,0,0,0,0,0,15,0,0,0,0,0,0,0,0,0,0,0,26,0,0,0,0,0,0,0,0,0
juice,725460,0,0,0,0,0,0,0,80220,275,1218,0,192216,0,2738853,26908,0,0,0,0,0,0,0,0,21065,6965,0,0,0,1290,8019,5499,0,0,0,0,16541,4450,0,0,631,0,0,0,35381,3031,0,0,143,0,0,0,2563,0,0,0,0,43447,420,0,0,0,0,0,0,0,0,133,0,0,0,0,0,6437,0,0,0,0,0,0,0,7043,0,0,5491,0,0,0,863,1671,0,0,0,0,4415,0,0,0,0,0,0,0,0,0
milk,323582,0,0,0,0,9,0,0,8416,0,0,0,201913,1301,232329,264158,0,0,0,0,0,0,0,0,0,109,0,0,0,9707,0,75,0,0,0,0,144,9,0,0,0,0,0,0,60,0,0,0,4,0,0,0,0,0,0,0,0,0,6,0,0,0,0,0,0,0,0,0,0,0,52,0,0,0,0,0,0,0,0,0,0,0,0,0,0,0,0,0,0,0,0,0,0,0,5,0,0,0,0,0,0,0,0,0
tea,72337,0,0,0,0,0,0,0,0,0,8,0,798,9329,225165,0,0,0,0,0,0,0,0,0,0,0,0,0,0,658,0,220,0,0,0,0,0,727,0,0,0,0,0,0,1044,0,398,0,0,0,0,0,12963,0,0,0,0,5734,0,0,0,0,0,0,0,0,0,0,0,0,0,0,0,0,0,0,0,0,0,0,0,0,0,0,170,0,0,0,9045,0,0,0,0,0,3241,0,0,0,0,0,0,0,0,0
almond,197823,0,0,13156,0,87176,0,0,10052,1,57619,0,159,149,2991,0,0,0,0,0,0,0,0,0,551,28837,0,0,0,65441,30825,21502,8173,0,1165,0,92241,2849,0,6,4664,3010,0,0,21104,0,4102,4814,11146,378,49,0,1561,0,0,0,1568,0,16669,48214,0,0,0,0,1031,0,5219,0,0,0,13912,0,0,0,0,0,0,0,0,0,0,3,21707,0,45570,283,0,1314,1327,25,0,0,0,14745,1222,9500,1120,0,41,0,0,0,0,14
red beans,144708,0,0,0,0,2,0,0,653,0,3216,0,0,0,766,0,0,0,0,0,0,6,0,0,1818,8529,0,0,0,0,121896,50268,9191,0,0,0,10680,13,0,2721,0,98382,0,0,1721,0,15962,15,948,121,0,0,31567,0,0,0,383,0,19,12139,0,0,0,0,4,0,35,0,0,0,7948,0,0,66023,0,0,0,0,0,0,0,0,42,0,4349,0,0,0,0,0,0,0,0,0,2201,2199,0,0,0,0,0,0,0,0
cashew,18706,0,0,0,0,2947,0,0,296,0,210,0,0,0,0,0,0,55,0,0,0,0,0,0,665,35383,0,0,0,1211,23271,670,0,0,1799,0,11384,155,0,0,2956,1965,0,0,0,0,7604,0,330,0,0,0,0,0,125,0,9588,0,0,3417,0,0,0,0,4469,0,8,0,0,0,22523,0,0,461,0,0,0,0,0,0,0,0,399,0,2693,1517,0,0,29,0,0,0,0,240,1343,5288,0,0,0,0,0,0,0,0
dried cranberries,75617,0,0,173,0,0,0,0,1540,0,8902,0,0,0,0,0,0,0,0,0,0,0,0,0,0,262,0,0,0,640,14311,14735,2729,0,26,0,1623,0,0,0,30,1009,0,0,17,0,4975,0,662,0,0,0,0,0,0,0,0,0,3287,1718,0,0,0,0,86,0,683,0,0,0,1708,0,0,0,0,0,0,0,0,0,0,0,276,0,10810,0,0,42,0,0,0,0,0,0,53,0,0,0,0,0,0,0,0,0
soy,258999,0,0,23,0,486,0,0,215,0,10915,0,0,0,469,0,0,0,0,0,0,87,0,0,0,0,0,0,0,0,11053,18443,2188,0,689,0,401,0,0,0,0,3361,0,0,9966,0,1454,0,2504,0,0,0,18563,0,0,0,0,1737,0,328440,0,0,0,0,2836,0,862,0,0,0,108,0,0,2826,0,0,0,0,0,0,113,0,1521,0,83133,1085,0,5,0,0,0,0,0,0,4116,86782,0,0,0,0,0,0,0,0
walnut,139839,0,0,6468,0,14530,0,0,4959,0,107607,0,55,0,3494,0,0,0,0,0,0,0,0,0,837,5199,0,0,0,3068,66811,22067,6864,0,1473,0,20317,36,0,0,3320,7032,0,0,3113,0,8032,0,2367,0,0,0,14064,0,0,0,0,0,1951,29432,0,0,0,0,13830,0,1188,0,0,0,6212,0,0,68,0,0,0,0,0,0,0,336,6403,0,51727,0,0,61,91,0,0,0,0,2427,16529,14030,0,0,0,0,0,0,0,0
peanut,10175,0,0,0,0,394,0,0,0,0,43716,0,0,0,0,0,0,36,0,0,0,0,0,0,0,0,0,0,0,2722,2066,61,453,0,326,0,9167,4,0,0,59,5570,0,0,0,0,0,0,0,0,0,0,0,0,0,0,0,0,0,5168,0,0,0,0,0,0,0,0,0,0,42,0,0,971,0,0,0,0,0,0,0,0,53,0,2100,0,0,0,0,0,0,0,0,0,1682,1280,0,0,0,0,0,0,0,0
egg,1258967,0,0,24547,0,5621,0,0,415704,11334,247043,0,30652,0,168520,4507,0,688,0,0,0,10,0,0,1250830,59707,0,0,0,88692,19598,1494,3780,0,24095,0,74560,118103,0,32,79173,8700,8,0,121634,796,21002,16,138835,1098,0,0,66064,0,23523,1645,4221,7629,353082,1535464,0,949,0,0,50660,11099,131862,19315,0,0,52662,0,10896,30373,0,0,0,0,0,0,7893,0,68818,41,34747,3660,0,3531,3188,299,0,0,0,15890,71354,76570,0,0,0,0,0,11,0,235
apple,644595,0,0,1173,0,353,0,0,31241,0,5788,5,5116,0,104108,114,0,0,0,0,0,0,0,0,1449,626827,0,0,0,112288,107990,14888,784,0,580,0,163057,129443,0,0,3432,12010,0,0,8903,10065,5459,0,71202,0,0,0,170,0,0,0,0,0,22038,2242,0,0,0,0,0,0,0,0,0,0,8076,0,9,35446,0,0,0,0,0,0,0,153,152334,0,14947,0,0,23,1166,43,0,0,0,1902,116385,0,0,0,0,0,0,0,0,0
date,20105,0,0,0,0,780,0,0,14,0,1175,0,0,0,0,0,0,0,0,0,0,0,0,0,0,1199,0,0,0,0,36684,6320,1042,0,0,0,346,0,0,0,0,1139,0,0,0,0,3,0,0,0,0,0,209,0,0,0,0,0,216,0,0,0,0,0,0,0,0,0,0,0,257,0,0,0,0,0,0,0,0,0,0,0,54,0,212,0,0,0,0,0,0,0,0,0,0,0,0,0,0,0,0,0,0,0
apricot,73098,0,0,0,0,2497,0,0,629,0,1509,0,31,0,35655,0,0,0,0,0,0,0,0,0,1757,72192,0,0,0,373,9722,233,0,0,0,0,161792,32785,0,0,401,1554,0,0,107948,404,0,0,1836,0,0,0,0,0,0,0,0,0,85,314,0,0,0,0,0,0,0,0,0,0,23,0,0,11450,0,0,0,0,0,0,0,0,945,0,59741,0,0,9,0,11,0,0,0,0,10865,182,0,0,0,0,0,0,0,0
avocado,244707,0,0,294,0,458,0,0,6629,0,39243,0,49,3371,696,0,0,0,0,0,0,0,0,0,225,61162,0,0,0,84122,13482,0,1460,0,153,0,30343,54686,0,0,216,10620,0,0,1171,0,2013,0,5137,0,0,0,35952,0,0,0,19,0,14135,12532,0,0,0,0,0,0,258,0,0,0,6796,0,5386,6054,0,0,0,0,0,0,4205,0,366773,0,6612,3778,0,3967,62605,313,0,0,0,54,21290,18747,0,0,0,0,0,0,0,0
banana,421517,0,0,1420,0,22423,0,0,34921,0,64918,0,96,0,22492,1571,0,26,0,0,0,0,0,0,35691,101429,0,326,0,675368,12986,680,1183,0,0,0,112578,67385,0,1,11538,908,1,0,49935,0,0,0,884,0,0,0,0,0,0,0,861,0,23224,1926,0,0,0,0,2,0,0,0,0,0,424,0,305,739,0,0,0,0,0,0,0,320,80443,0,4164,0,0,0,5446,0,0,0,0,39,6954,0,0,0,0,0,0,0,0,0
strawberry,1859918,0,0,0,0,1028,0,0,649883,0,136644,0,16663,0,48218,0,0,0,0,0,0,0,0,0,46,393000,0,0,0,415,4723143,740087,6273,0,0,0,59571,25,0,0,0,10447,73,0,356,9302,1734,0,910,0,0,0,7227,0,17,0,0,0,6170,569,0,0,0,0,10,173,377,0,0,0,0,0,0,108519,0,0,0,0,0,0,4826,0,17393,218,16439,948,0,816,340,3555,0,0,0,12,109008,1231,71,0,0,0,0,0,0,0
cherry,418836,0,0,0,0,562,0,0,79482,0,20702,0,1876,0,53934,0,0,0,0,0,0,0,0,0,0,37699,0,0,0,163,631501,878084,9501,0,0,0,9169,302,0,84,0,23269,0,0,1292,26752,873,21,1391,0,0,0,1621,0,0,0,0,0,32,165,0,0,0,0,46,0,77,0,0,0,0,0,0,751,0,0,0,0,0,0,0,0,39,0,296,0,0,0,0,0,0,0,0,0,5051,34,0,0,0,0,0,0,0,0
blueberry,664857,0,0,0,0,665,0,0,58036,0,93199,0,1155,695,1904,0,0,0,0,0,0,0,0,0,238,637,0,0,0,49,34646,75228,923325,273,0,0,214,69,0,1,0,21547,0,0,25,0,0,0,0,0,0,0,6580,0,0,0,0,0,0,23,0,0,0,0,0,0,1,0,0,0,0,0,0,292,0,0,0,0,0,0,0,0,2847,0,1149,0,0,23,79,1170,0,0,0,0,1883,5381,0,0,0,0,0,0,0,0
raspberry,194778,0,0,0,0,23,0,0,24775,0,32532,0,90,245,8578,0,0,0,0,0,0,0,0,0,0,2303,0,0,0,119,29605,155178,178085,0,0,0,1294,2,0,0,0,754,0,0,7,0,0,0,0,0,0,0,0,0,0,0,0,0,0,0,0,0,0,0,0,0,0,0,0,0,0,0,0,0,0,0,0,0,0,0,0,0,0,0,0,0,0,150,0,0,0,0,0,0,0,0,0,0,0,0,0,0,0,0
mango,225124,0,0,336,0,136,0,0,17,8,9534,0,448,0,81099,0,0,0,0,0,0,154,0,0,9434,68886,0,0,0,46751,7720,4457,2881,0,8235,0,119259,7816,0,0,21504,11037,0,0,144769,1910,1033,0,330,0,0,0,4069,0,0,0,0,0,3530,106909,0,0,0,0,1428,0,1015,0,0,0,6402,0,0,0,0,0,0,0,0,0,29,209,13192,0,28589,22,0,0,10233,0,0,0,0,0,26828,8235,0,0,0,0,0,0,0,0
olives,187191,0,0,0,0,193,0,0,5837,0,3281,0,125,0,55119,0,0,0,0,0,0,0,0,0,112,49849,0,0,0,2879,21073,5844,9237,0,306,0,8270,7863,0,1837,359,83590,0,0,4840,0,772,0,4384,0,0,0,2081,0,0,0,1770,0,83,2874,0,0,0,0,11,0,307,0,0,0,4761,0,0,4573,0,0,0,0,0,0,0,1505,19753,272,1807,0,0,1168,4,1606,0,0,0,1449,9037,2323,0,0,75,0,0,0,0,0
peach,323479,0,0,11216,0,972,0,0,25638,601,38458,0,10259,50,123815,0,0,0,0,0,0,0,0,0,27526,143232,0,0,0,43411,50124,31132,0,0,8411,0,557456,79303,0,0,2741,0,0,0,175909,14195,729,0,7269,0,2,0,129,0,0,0,0,0,20409,38297,0,0,0,0,0,0,229,0,0,0,1690,0,0,42097,0,0,0,0,0,0,0,466,2070,0,34196,39,0,0,11,0,0,0,0,246,49278,447,0,0,0,0,0,0,0,0
lemon,1545897,0,0,5756,0,545,0,0,36637,542,31049,0,2293,167,362962,4306,0,0,0,0,0,0,0,0,191667,214864,0,0,0,122408,25273,309,39,0,3661,0,173485,2337761,0,0,34555,7206,242,0,573020,0,2819,0,37622,0,68,0,115397,0,6672,0,865,6868,15316,64300,0,0,0,0,1270,1002,6068,944,0,0,28160,0,21,4872,0,0,0,0,0,0,1302,503,382572,0,13964,728,0,3862,45504,3603,0,10,0,10466,64885,12343,438,0,250,0,0,0,0,0
pear,227406,0,0,12515,0,13497,0,0,1443,173,20126,0,5,0,89712,4,0,0,0,0,0,0,0,0,279,85771,0,0,0,49702,4070,328,10,0,51,0,97534,85548,0,0,321,677,0,0,11583,0,4112,0,1721,0,0,0,21,0,0,7,21,0,9503,3175,0,0,0,0,0,0,9,0,0,0,1986,0,0,218,0,0,0,0,0,0,0,6,69732,0,639,440,0,0,7222,0,0,0,0,37,943,60,0,0,0,0,0,0,0,0
fig,219312,0,0,0,0,5550,0,0,20959,0,12016,0,0,0,6936,0,0,0,0,0,0,0,0,0,0,49794,0,0,0,276,148183,51300,36113,0,0,0,34950,32335,0,787,0,11061,25,0,9074,233,920,0,0,372,0,0,1446,0,0,0,0,0,3051,0,0,0,0,0,0,0,0,0,0,0,0,0,0,14033,0,0,0,0,0,0,0,0,11639,0,412,0,0,0,0,2,0,0,0,2102,4517,0,0,0,0,0,0,0,0,0
pineapple,615180,0,0,71047,0,24899,0,0,44455,304,117863,0,3637,1710,151390,600,0,1,0,0,0,0,0,0,56791,214556,0,0,0,319846,34735,9181,7758,0,22704,0,298899,10026,0,0,85224,15609,119,0,49016,768,1728,0,139432,25,2365,0,384,0,0,0,194,0,16917,139912,0,0,0,0,22,0,614,0,0,0,18583,0,0,355,0,0,0,0,0,0,8,215,48217,0,197810,483,0,0,1873,102,0,0,0,0,111497,24835,0,0,0,0,0,0,0,0
grape,923861,0,0,0,0,86,0,0,48082,0,20074,0,134,1871,11094,0,0,0,0,0,0,0,0,0,32,276875,0,0,0,8092,185949,249785,84536,0,8,0,8827,22871,0,296,0,238986,1,0,6407,0,410,0,33,0,0,0,11494,0,0,0,0,445,234,323,0,0,0,0,0,0,0,0,0,0,696,0,0,55640,0,0,0,0,0,0,35,0,79695,0,262,0,0,274,3437,815,0,0,0,115,78367,6235,0,0,0,0,0,0,0,0
kiwi,395074,0,0,0,0,0,0,0,73518,0,8238,0,116,3622,19087,0,0,0,0,0,0,0,0,0,179,146810,0,0,0,83544,33635,318,5235,0,0,0,43861,8414,0,0,1611,51962,3581,0,1866,0,0,0,0,0,0,0,9358,0,0,0,0,0,937,939,0,0,0,0,0,0,0,0,0,0,54,0,0,17,0,0,0,0,0,0,1080,0,87253,1,0,0,0,0,3710,22,0,0,0,0,19276,28117,0,0,0,0,0,0,0,0
melon,199384,0,0,0,0,0,0,0,1336,0,13573,0,20,0,12889,0,0,0,0,0,0,0,0,0,0,24333,0,0,0,49764,19839,1459,9,0,0,0,90662,8029,0,0,0,132,0,0,27616,0,99,0,925,0,0,0,1241,0,0,0,0,0,14401,0,0,0,0,0,0,0,0,0,0,0,0,0,0,1701,0,0,0,0,0,0,115,870,6081,0,6165,0,0,109,484,80,0,0,0,0,4612,52,0,0,0,0,0,0,0,0
orange,556402,0,0,1594,0,374,0,0,9879,46,16087,0,7347,12,670918,0,0,0,0,0,0,0,0,0,35639,73287,0,0,0,52452,64756,4240,2145,0,7481,0,210791,297026,0,101,20894,17119,23,0,1243365,113,715,0,6272,0,0,0,32305,0,456,0,0,11630,1631,24554,0,0,0,0,0,0,80,65,0,0,4619,0,0,14438,0,0,0,0,0,0,762,948,14034,0,66858,0,0,0,2301,923,0,0,0,3,74644,218,0,0,0,0,0,0,0,0
watermelon,409414,0,0,0,0,0,0,0,9861,0,6060,0,27162,0,76878,0,0,0,0,0,0,0,0,0,0,81152,0,0,0,54,182051,53792,20,0,0,0,5568,3763,0,0,0,1257,0,0,0,62882,36837,0,0,0,0,0,0,0,0,0,0,0,762,0,0,0,0,0,0,0,0,0,0,0,0,0,0,13048,0,0,0,0,0,0,0,0,7297,1,3946,0,0,0,11146,0,0,0,0,28,93362,0,0,0,0,0,0,0,0,0
steak,4999636,0,0,165251,2765,92607,0,0,387537,96,1318584,0,153333,180,100450,0,0,23,0,0,0,47948,0,0,39518,48393,0,0,0,8274,2610805,590077,29923,0,773,0,92714,2516,0,0,33316,205640,0,0,6051,89695,7225780,57968,4591775,6706,1868,105,736634,0,95934,10376,18189,0,620792,589504,0,5365,0,0,73429,24549,345877,410,0,0,193946,0,186,427655,0,0,0,0,0,0,1596,94,157840,0,1508278,20443,0,20947,9440,4864,0,0,0,40834,266874,190528,4418,0,18909,0,0,297,0,800
pork,3307657,0,0,212495,247,180300,0,0,294995,1650,948784,0,45994,0,56049,0,0,20,0,0,0,45589,0,0,50344,38183,0,0,0,11162,1932766,267330,10259,0,2623,0,156909,2707,0,0,29759,144797,0,0,1545,13817,3853064,91916,4194199,34429,10244,0,346116,0,59435,1409,31407,567,572915,488102,0,7515,0,0,119163,10163,483978,5605,0,0,409270,0,2333,431994,0,0,0,0,0,0,612,0,70703,108,1358974,15649,0,10155,5369,5339,0,11,0,65373,213161,102319,6937,0,15039,0,0,6560,0,642
chicken duck,4926393,0,0,490173,0,389770,0,0,240885,2196,1113856,0,12681,1685,161693,0,0,2876,0,0,0,33957,0,0,447500,54914,0,0,0,38188,2765948,431703,27483,143,36851,0,188729,9331,0,16,239892,91486,3,0,30498,4415,2851312,55054,11743570,10059,28832,0,384797,0,250130,5840,206415,0,816882,1776047,0,16296,0,0,272962,62860,2212102,11465,0,0,866558,0,7604,574291,0,0,0,0,0,0,8737,8226,152420,0,2938761,14977,0,36302,3115,9905,0,9,0,66547,301771,125132,1876,0,10352,0,0,6041,0,6804
sausage,1337876,0,0,37332,0,18029,0,0,144544,8,103218,0,56768,0,5210,0,0,0,0,0,0,2382,0,0,8345,151535,0,0,0,3391,1257319,67881,128,0,28,0,49622,504,0,0,7130,18429,0,0,7469,56380,628541,5560,340999,26826,0,0,34941,0,4357,0,31850,0,132221,17312,0,0,0,0,12412,2298,2297,74,0,0,36201,0,73,253728,0,0,0,0,0,0,22,0,42730,67,512740,1041,0,1187,135,0,0,0,0,39176,157535,1634,149,0,3341,0,0,0,0,704
fried meat,772650,0,0,11697,0,50832,0,0,10736,142,244227,0,3816,0,20600,0,0,0,0,0,0,3455,0,0,3001,15047,0,0,0,11215,896697,142523,3217,0,6725,0,120798,7831,0,0,18116,56936,0,0,31176,631,304348,2179,1553194,1462,49907,0,79507,0,2469,0,18970,0,168680,213626,0,961,0,0,33372,713,100173,2153,0,0,102034,0,33,259960,0,0,0,0,0,0,172,980,34735,0,348283,228,0,11474,266,292,0,0,0,1590,94762,14637,884,0,1405,0,0,0,0,269
lamb,545181,0,0,15406,0,35165,0,0,27400,0,126558,0,2676,0,126,0,0,0,0,0,0,768,0,0,644,2898,0,0,0,1979,399078,58029,301,0,0,0,8305,284,0,0,133,10991,0,0,0,208,1004916,24642,833097,2806,730,0,14887,0,14231,16,8253,0,26190,18892,0,92,0,0,1943,8462,92110,8619,0,0,69178,0,3,51717,0,0,0,0,0,0,216,54,12055,0,145457,5962,0,4061,2419,3096,0,0,0,10488,103935,7949,1550,0,227,0,0,53,0,6
sauce,3882727,0,0,48671,0,67796,0,0,1087349,515,289470,51,106717,117850,737152,0,0,475,0,0,0,10006,0,0,224384,44365,0,165,0,42606,922612,430371,50376,4,12496,0,46809,26932,0,0,30093,45313,0,0,114280,28234,541382,12654,451368,2331,552,0,2960590,0,20151,0,14871,172524,328073,896034,0,3285,0,0,73652,18096,434976,7178,0,0,130244,0,8287,362186,0,0,0,0,0,0,27326,180,233487,0,634239,10780,0,23027,48486,57660,0,0,0,48370,354806,191450,893,0,3,0,0,223,0,522
crab,126271,0,0,22447,0,118,0,0,3609,0,6982,0,38,0,462,0,0,1375,0,0,0,0,0,0,13155,6350,0,0,0,0,205967,1164,1085,0,820,0,2992,20,0,0,2656,1538,0,0,0,560,41883,0,1860,912,0,0,6709,0,418,0,8,0,8203,9781,0,0,0,0,3820,0,5643,173,0,0,2465,0,0,16265,0,0,0,0,0,0,0,0,3702,0,86682,15,0,0,0,292,0,0,0,256,6828,234,0,0,0,0,0,0,0,0
fish,1652330,0,0,85237,0,47103,0,0,102326,920,231592,0,8526,0,142787,505,0,0,0,0,0,939,0,0,218129,32937,0,0,0,13773,220064,2826,70,0,5347,0,66973,6891,0,0,90081,10979,0,0,14200,7652,723936,19938,3769227,3772,2070,0,119421,0,530043,0,42351,77,420781,441189,0,4868,0,0,34133,4789,721775,55854,0,0,156231,0,930,161339,0,0,0,0,0,0,5277,15187,68021,0,811942,16062,0,10074,8370,14257,0,0,0,23542,186710,26241,1056,0,56,0,0,3,0,0
shellfish,933309,0,0,38,0,24601,0,0,2369,0,8834,0,221,2533,100,0,0,83,0,0,0,0,0,0,14769,87585,0,426,0,254,127062,26003,88311,0,128,0,11335,9590,0,1822,9705,66605,0,0,197,0,25352,172,21952,172,0,0,5019,0,0,5183,338,0,604,145,0,321,0,0,1007,1463,1051,213,0,0,39165,0,0,0,0,0,0,0,0,0,0,0,103102,0,17283,8071,0,253,0,9055,0,0,0,13894,39128,264,18,0,575,0,0,0,0,0
shrimp,650957,0,0,63930,0,54659,0,0,12877,0,92012,0,1096,0,7890,0,0,202,0,0,0,2427,0,0,42739,191481,0,0,0,57040,322126,4939,14,0,19575,0,230103,7443,0,0,112781,26098,0,0,1,5170,163910,6449,302212,3963,5,0,25991,0,137,38,184421,0,9713,252547,0,3,0,0,154392,17245,54636,0,0,0,382570,0,23515,156823,0,0,0,0,0,0,0,54,65795,0,719845,559,0,1339,1133,943,0,0,0,67505,51194,84083,282,0,2168,0,0,3734,0,1883
soup,387654,0,0,0,0,0,0,0,90654,2893,43081,0,51902,7901,435424,0,0,0,0,0,0,0,0,0,73434,0,0,0,0,0,1328,2236,20,0,108,0,598,2335,0,0,303,0,0,0,43861,0,125,0,522,0,0,0,544921,0,6745,0,0,158027,735,9276,0,0,0,0,0,1136,71742,6462,0,0,0,0,0,2360,0,0,0,0,0,0,329,0,1238,0,1485,0,0,0,288,6821,0,0,0,507,8668,2352,0,0,0,0,0,0,0,0
bread,8149973,0,0,585398,0,760253,0,0,590934,2575,5117269,0,98829,0,451988,88,0,1,0,0,0,1218,0,0,232392,268131,0,0,0,521682,654792,167078,9437,0,3651,0,781262,46267,0,11,150266,7485,0,0,448079,3731,1003795,1123,1679762,2118,2092,0,267648,0,171050,3548,38895,3857,11300380,564747,0,5566,0,0,19750,7166,428044,190922,0,0,287735,0,1376,147669,0,0,0,0,0,0,4907,18617,304289,0,1419490,12738,0,3520,31396,1456,0,0,0,8098,215703,15425,10,0,1265,0,0,0,0,0
corn,754243,0,0,30184,0,14114,0,0,8204,21,14546,0,42,0,28164,0,0,0,0,0,0,131,0,0,11950,7629,0,0,0,239413,8334,424,0,0,30011,0,36100,12550,0,0,15489,5057,0,0,40006,0,9127,1,25860,0,0,0,28445,0,1613,0,0,1620,22178,6619699,0,0,0,0,2558,0,75330,0,0,0,23988,0,426,329,0,0,0,0,0,0,6938,1486,44268,0,112499,6026,0,966,173616,301,0,0,0,13,101248,319405,0,0,0,0,0,0,0,0
hamburg,66555,0,0,17868,0,0,0,0,34671,0,9558,0,814,0,9377,0,0,0,0,0,0,0,0,0,0,7704,0,0,0,0,10237,0,0,0,0,0,1148,0,0,0,0,3272,0,0,53,21007,29048,0,7559,0,0,0,6013,0,0,0,0,0,33719,5341,0,0,0,0,0,0,0,0,0,0,1267,0,0,0,0,0,0,0,0,0,0,47,1843,0,25715,0,0,0,0,0,0,0,0,25134,17477,0,0,0,0,0,0,0,0,0
pizza,704419,0,0,19140,0,35900,0,0,80062,1028,239602,0,0,0,171,0,0,641,0,0,0,1093,0,0,132746,12490,0,0,0,1071,216015,103528,12304,0,2412,0,8616,46,0,0,37750,1836,0,0,2684,0,29129,966,273087,2567,0,0,65046,0,6072,0,54949,0,62135,312509,0,122780,0,0,95166,4380,321681,1731,0,0,18598,0,710,108717,0,0,0,0,0,0,11029,0,21966,570,104023,0,0,507,622,731,0,0,0,4330,78346,8812,0,0,0,0,0,0,0,2
hanamaki baozi,201571,0,0,49240,0,3591,0,0,4121,0,40659,0,19,0,9402,0,0,0,0,0,0,0,0,0,15921,1313,0,0,0,112451,11813,0,0,0,5403,0,96887,4761,0,0,2861,89,0,0,16247,0,21691,89,29365,13102,0,0,2201,0,213,0,7140,0,62187,4634,0,0,0,0,132,0,57,68,0,0,13960,0,0,900,0,0,0,0,0,0,0,16561,27953,0,60451,0,0,69,5040,50,0,0,0,6043,6417,66,0,0,0,0,0,0,0,0
wonton dumplings,107546,0,0,9332,0,5935,0,0,6290,0,31817,0,0,0,114,0,0,27,0,0,0,0,0,0,3982,625,0,0,0,57829,50816,565,0,0,43,0,5931,2280,0,0,52371,1472,0,0,3608,0,6448,365,7807,17,0,0,456,0,0,0,22512,0,6237,5247,0,0,0,0,10015,1380,91,0,0,0,17713,0,4092,23,0,0,0,0,0,0,123,678,1585,0,21016,0,0,160,0,7,0,0,0,2,198,1536,0,0,0,0,0,0,0,223
pasta,548381,0,0,45854,0,34677,0,0,23230,0,50831,0,535,0,3289,0,0,705,0,0,0,228,0,0,8757,8444,0,0,0,19150,23450,5889,205,0,9427,0,14101,797,0,0,10792,28521,0,0,436,0,17745,436,19972,0,64,0,10076,0,0,19,44706,0,5172,2380720,0,0,0,0,260390,2385,110461,423,0,0,82556,0,4996,2328,0,0,0,0,0,0,5,0,20630,0,306085,401,0,5796,158,2737,0,0,0,182,25803,207041,149,0,139,0,0,1,0,67
noodles,2547497,0,0,105848,0,22177,0,0,92659,0,80568,0,2051,0,2965,0,0,0,0,0,0,183,0,0,82344,2707,0,0,0,85755,116664,22602,99,0,2801,0,2563,17195,0,28,18312,12854,20,0,9215,0,18725,196,38109,0,0,0,52155,0,10507,14,27592,0,5088,939420,0,7730,0,0,572513,1500540,499264,2410,0,0,115762,0,23793,36108,0,0,0,0,0,0,47528,0,72009,0,427934,1233,0,12390,47670,14653,0,0,0,29894,143423,246668,70964,0,4241,0,0,310,0,825
rice,2007569,0,0,9808,0,18802,0,0,464214,812,308313,0,2918,0,6367,101,0,0,0,0,0,6552,0,0,222107,3084,0,0,0,5302,144092,42990,3875,0,722,0,2414,2452,0,6,4899,23539,1,0,6297,4,201824,648,167680,0,111,0,172184,0,16729,0,2350,0,142140,3868915,0,4123,0,0,120424,6394,4914462,1778,0,0,244153,0,20361,9018,0,0,0,0,0,0,17344,16,40117,0,224076,6005,0,25024,3165,7689,0,0,0,3844,23640,410816,1338,0,266,0,0,0,0,87
pie,3624681,0,0,295454,0,569801,0,0,277644,2133,2201203,0,48915,0,271926,0,0,547,0,0,0,283,0,0,510557,20584,0,31,0,482691,526845,186464,5120,0,3197,0,144697,20419,0,5,194826,2319,0,0,220832,791,375140,13773,2288561,415,218,0,260222,0,97263,0,62583,5098,1748513,989887,0,52155,0,0,139752,35280,914728,285505,0,0,195496,0,7939,140423,0,0,0,0,0,0,9094,4698,123990,15,526663,1612,0,15203,26827,5877,0,0,0,11534,114558,64948,1020,0,194,0,0,35,0,289
tofu,497633,0,0,12184,0,21852,0,0,53927,184,41623,0,43435,0,74543,2574,0,0,0,0,0,0,0,0,48856,30519,0,0,0,124327,54198,172,166,0,7672,0,143743,7753,0,0,71046,15625,2,0,4611,0,52128,0,69871,0,0,0,34274,0,90,0,5878,1228,50448,41676,0,268,0,0,1123,0,9569,0,0,0,16939,0,219,58,0,0,0,0,0,0,115,310,66523,0,120338,677,0,2571,35112,2126,0,0,0,3275,37014,39014,0,0,585,0,0,398,0,378
eggplant,327669,0,0,64,0,5174,0,0,3936,0,29138,0,2690,0,2500,0,0,0,0,0,0,0,0,0,403,3036,0,0,0,1834,10775,3583,13688,0,1623,0,9,0,0,3,2863,78488,9,0,0,99,35697,0,12418,1050,0,0,44674,0,0,3328,4753,0,3038,150,0,0,0,0,58,547,13697,0,0,0,22184,0,0,1928,0,0,0,0,0,0,22,0,43881,0,1384,1693,0,136,0,5664,0,0,0,7616,26939,3,0,0,1691,0,0,0,0,0
potato,3034559,0,0,259019,0,160457,0,0,560998,23426,395918,0,12990,0,155934,6942,0,43,0,0,0,838,0,0,708840,663817,0,0,0,429682,445437,15117,731,0,51611,0,392215,209314,0,41,465618,102188,728,0,38505,302,356189,9956,1344801,8440,3119,0,274613,0,25911,0,20933,0,846357,2696884,0,10273,0,0,170226,20097,2089085,7133,0,0,4418882,0,142344,136857,0,0,0,0,0,0,46438,11236,871520,0,625999,18862,0,64771,55578,7259,0,6101,0,11236,173552,226405,2946,0,936,0,0,114,0,226
garlic,165170,0,0,2124,0,354,0,0,19701,0,4637,0,0,0,9626,0,0,0,0,0,0,0,0,0,2056,51859,0,0,0,8629,23123,6540,533,0,1870,0,38799,9545,0,297,3353,3388,45,0,1235,359,10156,0,14479,26,0,0,922,0,4588,0,14,0,17308,14970,0,254,0,0,3,0,374,0,0,0,11998,0,360,4559,0,0,0,0,0,0,157,0,49490,0,5528,0,0,5160,173,4185,0,0,0,5958,7477,3420,0,0,1,0,0,0,0,0
cauliflower,413568,0,0,642,0,10497,0,0,119423,4264,71133,0,536,0,37,0,0,0,0,0,0,14,0,0,31502,5000,0,0,0,23382,24709,2057,119,0,3992,0,5872,2686,0,0,22618,37731,18,0,0,30,31020,280,48578,238,7,0,50523,0,3,0,12169,0,31359,712962,0,779,0,0,25746,0,166702,97,0,0,508237,0,164009,10999,0,0,0,0,0,0,12877,0,189072,0,14331,1042,0,69756,702,1715,0,1484,0,2384,15815,138495,68,0,0,0,0,0,0,164
tomato,2647195,0,0,677,0,3565,0,0,84660,0,29273,451,13393,169,43929,0,0,21,0,0,0,662,0,0,6491,1072060,0,0,0,765,2333817,234312,7405,0,2348,0,99948,30370,0,378,2961,91515,19,0,46109,138087,357155,1445,69865,6763,13,0,105596,0,84,0,18034,0,75521,11709,0,3827,0,0,2345,1373,47861,74,0,0,14588,0,40,2830139,0,0,0,0,0,0,1069,197,86586,602,515352,1414,0,4365,4264,6981,0,0,0,33985,1466069,17193,923,0,431,0,0,0,0,39
kelp,2680,0,0,0,0,0,0,0,0,0,0,0,0,0,0,0,0,0,0,0,0,0,0,0,0,324,0,0,0,0,51,0,0,0,0,0,0,0,0,0,0,0,0,0,0,0,0,0,0,0,0,0,0,0,0,0,0,0,0,0,0,0,0,0,0,0,0,0,0,0,0,0,0,0,0,0,0,0,0,0,0,0,0,0,0,0,0,0,0,0,0,0,0,0,5,0,0,0,0,0,0,0,0,0
seaweed,202068,0,0,0,0,306,0,0,1,0,58682,0,0,0,0,0,0,0,0,0,0,0,0,0,466,19,0,0,0,11120,0,0,2876,0,0,0,173,0,0,0,590,49,0,0,0,0,6107,0,0,0,0,0,5145,0,0,0,0,0,3279,392,0,0,0,0,0,0,287,0,0,0,0,0,0,0,0,0,0,0,0,0,0,0,18,0,0,229,0,32776,0,6348,0,0,0,0,917,11163,128,0,0,0,0,0,0,0
spring onion,431480,0,0,81,0,693,0,0,25651,606,1251,0,12822,0,6794,24,0,0,0,0,0,0,0,0,16242,10210,0,0,0,6466,28295,713,3813,0,0,0,7897,1700,0,0,9602,38050,120,0,103,0,8298,0,9112,0,0,0,73410,0,476,470,0,3384,1978,12505,0,283,0,0,11,559,36842,0,0,0,19156,0,42,111,0,0,0,0,0,0,14604,0,170443,0,2647,15609,0,9033,73233,77004,0,5,0,2220,63558,94574,6861,0,187,0,0,9,0,76
rape,399874,0,0,0,0,0,0,0,3256,0,6910,0,133,4,668,41,0,0,0,0,0,0,0,0,411,75,0,0,0,35,24791,0,6480,0,3,0,0,1029,0,0,3,11689,79,0,0,0,34017,0,3969,0,0,0,16321,0,3,0,0,0,918,13388,0,0,0,0,912,120,1516,0,0,0,1668,0,0,1525,0,0,0,0,0,0,3921,0,26239,0,10938,36210,0,116833,45546,144647,1,0,0,0,23810,326398,16977,0,0,0,0,0,0,0
ginger,115580,0,0,8621,0,26869,0,0,558,0,15,0,7,0,9913,0,0,0,0,0,0,0,0,0,0,14533,0,0,0,55576,8588,95,0,0,0,0,45759,4348,0,0,5470,12406,0,0,1580,0,0,0,2644,0,0,0,9720,0,0,0,0,0,13749,6054,0,0,0,0,0,0,0,0,0,0,781,0,0,637,0,0,0,0,0,0,0,203,1106,0,2187,0,0,0,252,3,0,0,0,0,11010,3,0,0,0,0,0,0,0,0
okra,161212,0,0,3947,0,0,0,0,256,0,0,0,10,0,53,0,0,0,0,0,0,0,0,0,0,500,0,0,0,1252,1585,0,28,0,0,0,93,72,0,0,770,34295,0,0,0,0,47318,0,857,0,0,0,9220,0,0,0,0,0,679,0,0,0,0,0,0,0,1,0,0,0,0,0,49,0,0,0,0,0,0,0,0,0,147532,1,14495,13565,0,1325,137643,272,1,0,0,0,9155,15567,104989,0,24,0,0,0,0,0
lettuce,3447750,0,0,19059,0,8911,0,0,61491,1065,65339,0,383,0,33976,118,0,0,0,0,0,0,0,0,19578,33893,0,0,0,89298,155340,317,1595,0,965,0,7154,25431,0,0,14113,98437,1921,0,2261,6,146226,0,21085,3,0,0,87072,0,295,0,7465,3320,137039,302641,0,0,0,0,332,19,96872,106,0,0,92180,0,16701,13409,0,0,0,0,0,0,580906,0,743209,0,42480,92435,0,171898,524803,428134,42,6662,0,6027,321896,619256,9687,0,215,0,0,0,0,152
pumpkin,400649,0,0,3388,0,1460,0,0,1345,0,24073,0,10767,0,171610,1911,0,0,0,0,0,0,0,0,366,53670,0,0,0,45240,53717,6872,226,0,10780,0,357534,32777,0,1484,24391,21751,0,0,171507,0,11715,0,33815,0,0,0,3976,0,0,0,0,0,20310,2057,0,0,0,0,0,0,4,600,0,0,41094,0,0,1736,0,0,0,0,0,0,278,15827,84903,0,421487,2096,0,17,7692,77,0,0,0,1471,90783,136,0,0,45,0,0,2,0,0
cucumber,1428317,0,0,5050,0,7868,0,0,105928,201,24087,0,129,0,11910,0,0,0,0,0,0,0,0,0,28558,210724,0,0,0,184903,46444,2032,6637,0,2637,0,12466,131436,0,65,16308,61710,175,0,1787,0,41470,4,49052,0,0,0,56199,0,9,71,19835,0,61062,93664,0,0,0,0,585,49,3393,306,0,0,54243,0,930,13705,0,0,0,0,0,0,7145,0,4374117,78,54671,24163,0,21304,526757,45824,0,95,0,3711,81399,71022,6621,0,86,0,0,0,0,0
white radish,248845,0,0,0,0,1261,0,0,5700,0,20075,0,0,0,7128,3292,0,0,0,0,0,0,0,0,9064,103533,0,0,0,9357,36737,11208,134,0,1468,0,12129,544,0,0,4391,2954,0,0,15331,0,2521,0,1326,0,0,0,3464,0,8,0,0,0,6,1138,0,0,0,0,12,0,319,0,0,0,2764,0,249,6273,0,0,0,0,0,0,0,0,61133,1120,19204,0,0,121,6832,418,0,0,0,2384,30631,508,0,0,0,0,0,0,0,0
carrot,1941140,0,0,102310,0,2095,0,0,29294,0,18426,0,8158,0,114854,0,0,6,0,0,0,1071,0,0,20830,286478,0,0,0,59244,773897,40649,918,0,14620,0,401789,15968,0,0,36801,24990,0,0,60821,2836,226059,1487,188742,387,0,0,26016,0,3848,0,4219,0,23684,184118,0,884,0,0,2937,18652,17496,1009,0,0,339294,0,103,216749,0,0,0,0,0,0,138,27820,127019,0,10526635,12667,0,6732,99085,6412,0,0,0,1235,763465,62555,3658,0,0,0,0,0,0,34
asparagus,1135012,0,0,45102,0,48,0,0,946,0,6374,0,0,0,164,0,0,0,0,0,0,0,0,0,7236,27557,0,0,0,950,9329,0,1494,0,1,0,2611,1166,0,0,319,7630,0,0,298,0,63374,0,7652,0,0,0,9645,0,6018,0,0,0,3308,56345,0,0,0,0,0,3,7282,0,0,0,9511,0,2881,365,0,0,0,0,0,0,9189,0,407048,0,14866,1647826,0,58527,642418,53016,313,2,0,57,61698,444031,54659,0,179,0,0,0,0,0
bamboo shoots,6340,0,0,0,0,0,0,0,0,0,0,0,0,0,0,0,0,0,0,0,0,0,0,0,0,227,0,0,0,0,0,0,0,0,0,0,0,0,0,0,0,0,0,0,0,0,3,0,0,0,0,0,0,0,0,0,0,0,0,0,0,0,0,0,0,0,0,0,0,0,0,0,0,38,0,0,0,0,0,0,0,0,3295,0,0,12732,0,0,0,0,0,0,0,0,181,0,0,0,0,0,0,0,0,0
broccoli,3007452,0,0,15,0,381,0,0,94367,268,24079,0,1885,0,7363,6,0,0,0,0,0,0,0,0,11755,4451,0,0,0,5143,254561,1376,184611,0,723,0,393,2814,0,0,414,268380,471,0,0,0,152434,0,40674,0,5,0,175885,0,863,0,0,0,3440,259284,0,39,0,0,275,77,300031,0,0,0,38103,0,6094,872,0,0,0,0,0,0,153250,0,440287,0,61959,70471,0,3272965,149484,1141654,14,2771,0,706,304246,5747033,5584,0,0,0,0,3,0,109
celery stick,426585,0,0,3113,0,38,0,0,1610,0,1,0,1,0,853,0,0,0,0,0,0,179,0,0,0,4061,0,0,0,28568,2871,567,0,0,698,0,0,0,0,0,583,7889,0,0,0,2,3543,0,221,0,0,0,3071,0,0,0,0,0,71,4826,0,0,0,0,0,0,29,0,0,0,4452,0,0,5091,0,0,0,0,0,0,838,0,394913,0,25212,12888,0,4675,1680100,2993,0,0,0,20,53626,36076,47,0,0,0,0,0,0,0
cilantro mint,3543430,0,0,30407,0,5264,0,0,96237,0,17930,0,11340,2502,84422,6,0,0,0,0,0,0,0,0,5943,58254,0,0,0,6991,267824,475,91214,0,199,0,2619,13744,0,0,123,130034,1626,0,57,2,100078,0,73291,0,0,0,119472,0,4745,0,0,3194,9637,38712,0,321,0,0,452,76,23891,51,0,0,8991,0,856,9106,0,0,0,0,0,0,81267,0,515240,0,14658,50760,0,300641,173469,1611675,377,27,0,4077,273985,986157,6393,0,1,0,0,0,0,33
snow peas,451024,0,0,2,0,0,0,0,203,0,140,0,0,0,54,0,0,0,0,0,0,0,0,0,0,7295,0,0,0,33,439,0,78,0,0,0,0,137,0,0,0,3431,0,0,0,0,6488,0,140,0,0,0,985,0,662,0,2,0,0,4112,0,0,0,0,0,0,30,0,0,0,41,0,0,0,0,0,0,0,0,0,1253,0,449784,0,6741,28515,0,6299,174724,12246,0,1,0,240,11163,32705,3859,0,0,0,0,0,0,0
cabbage,692392,0,0,197,0,2083,0,0,20213,265,11016,0,688,0,45642,706,0,0,0,0,0,0,0,0,9192,56604,0,0,0,126880,56803,91799,7881,0,164,0,713,45555,0,2636,14185,148728,2,0,287,0,15653,342,7265,0,0,0,40560,0,2561,2264,132,0,69123,147711,0,0,0,0,2674,1848,85306,0,0,0,44683,0,6264,9292,0,0,0,0,0,0,64952,0,271800,0,9141,1217,0,33291,53626,9874,0,148,0,2497,116480,117947,98,0,28,0,0,3,0,105
bean sprouts,373738,0,0,44574,0,1479,0,0,11194,0,394,0,8,0,507,0,0,0,0,0,0,0,0,0,3967,0,0,0,0,214,17683,0,0,0,0,0,82,193,0,0,1479,208,0,0,0,0,7863,0,4891,0,0,0,1549,0,6,3800,0,0,5421,30764,0,0,0,0,20265,31225,23385,0,0,0,1778,0,1387,59,0,0,0,0,0,0,9909,0,18454,0,16456,10048,0,4433,19340,33585,0,0,0,1727,32459,5456,2538,0,0,0,0,0,0,3
onion,1437973,0,0,73266,0,56728,0,0,257091,4028,38933,0,2481,0,44130,0,0,116,0,0,0,333,0,0,93256,301316,0,0,0,50604,356139,33759,2017,0,3760,0,124996,38191,0,744,25456,76191,291,0,9087,4035,249107,2324,156998,1800,0,0,39165,0,1661,10544,14082,0,79004,292344,0,2,0,0,89967,3634,41743,771,0,0,287254,0,1753,92280,0,0,0,0,0,0,10714,3263,334011,1493,290408,2357,0,6969,5137,7769,0,0,0,110588,127691,58301,3675,0,10427,0,0,1184,0,400
pepper,1817368,0,0,4578,0,996,0,0,10346,0,24069,0,6343,20,17850,0,0,0,0,0,0,8,0,0,5890,246119,0,0,0,73250,340589,38822,479,0,2666,0,54310,20918,0,60,12015,50828,0,0,26852,51938,129071,0,24573,174,13,0,28798,0,5,271,2,0,8769,37947,0,0,0,0,83,19,3975,0,0,0,4456,0,18,80650,0,0,0,0,0,0,8831,1032,290958,665,292597,28578,0,32673,174987,21856,0,196,0,8986,834698,145761,11443,0,0,0,0,0,0,0
green beans,274148,0,0,0,0,0,0,0,11335,0,5341,0,503,0,18,0,0,0,0,0,0,507,0,0,2378,133,0,0,0,4,6936,46,2080,0,0,0,0,24,0,0,0,56058,0,0,0,0,13643,0,12303,0,0,0,17253,0,75,0,0,0,16,161072,0,0,0,0,0,0,6962,0,0,0,468,0,0,49,0,0,0,0,0,0,2001,6,198688,0,10535,14904,0,10217,23599,31470,0,0,0,121,9000,2149397,17328,0,3,0,0,0,0,25
French beans,1478322,0,0,70944,0,14,0,0,1157,7,1337,0,63,0,49,0,0,0,0,0,0,0,0,0,0,838,0,0,0,32735,11464,53,483,0,55,0,259,545,0,0,1935,16709,0,0,0,0,65051,0,7630,0,0,0,4710,0,156,0,0,0,488,203798,0,0,0,0,158,63,5667,0,0,0,14250,0,0,766,0,0,0,0,0,0,3048,0,931957,0,58085,1105793,0,12271,1056587,47093,0,0,0,496,70662,350347,482680,0,227,0,0,35,0,0
king oyster mushroom,41257,0,0,9292,0,2850,0,0,9641,0,3072,0,20,0,79,0,0,30,0,0,0,0,0,0,0,470,0,0,0,6204,2212,5948,3049,0,96,0,5999,0,0,0,2840,12303,0,0,0,0,903,0,824,0,0,0,511,0,0,422,0,0,904,42,0,0,0,0,0,0,0,0,0,0,6301,0,0,0,0,0,0,0,0,0,0,0,5447,0,6745,106,0,0,0,486,0,0,0,99,17963,781,812,0,0,0,0,0,0,0
shiitake,471607,0,0,14888,0,47350,0,0,5768,0,26582,0,0,0,2520,0,0,592,0,0,0,570,0,0,1462,84062,0,153,0,28439,126152,4086,17837,0,1375,0,44907,231,0,5560,2303,147107,0,0,0,57,99121,569,32202,8390,0,0,14925,0,0,28659,8996,0,6879,5790,0,694,0,0,35778,2498,3693,0,0,0,62767,0,3,20703,0,0,0,0,0,0,309,0,158713,208,57055,2417,0,7246,1172,1082,0,0,0,27083,40152,50381,9173,0,68011,0,0,7135,0,813
enoki mushroom,20338,0,0,49530,0,159,0,0,6550,301,0,0,0,0,101,0,0,615,0,0,0,0,0,0,0,67,0,0,0,12,354,0,0,0,0,0,0,0,0,0,1,0,0,0,0,0,1376,0,0,0,0,0,2836,0,1893,0,646,0,0,23198,0,0,0,0,1647,39,13222,0,0,0,1390,0,0,0,0,0,0,0,0,0,11,0,6097,0,7055,620,0,0,22129,1609,0,0,0,82,1786,0,4733,0,0,0,0,0,0,0
oyster mushroom,62759,0,0,3308,0,1692,0,0,0,0,4,0,0,0,0,0,0,3,0,0,0,0,0,0,62,830,0,0,0,1636,2852,301,0,0,0,0,0,0,0,0,2700,2795,0,0,0,0,6111,0,1846,0,0,0,6852,0,0,639,1720,0,0,4136,0,151,0,0,1637,0,165,0,0,0,3911,0,0,0,0,0,0,0,0,0,0,0,14584,0,7,0,0,0,0,0,0,0,0,387,189,297,0,0,346,0,0,0,0,103
white button mushroom,346580,0,0,35814,0,45637,0,0,28924,1001,28797,0,415,0,103,0,0,2662,0,0,0,1491,0,0,5524,14770,0,277,0,36301,44130,65461,43889,0,110,0,15498,0,0,254,8233,92157,0,0,0,0,101314,2904,98048,232,0,0,21808,0,4016,6235,39495,127,11071,213838,0,0,0,0,62188,4784,26764,3,0,0,234536,0,2896,9514,0,0,0,0,0,0,172,0,101313,7,96966,2724,0,12217,2540,1023,0,0,0,34759,7734,100908,2529,0,33148,0,0,6994,0,6753
salad,60710,0,0,0,0,1353,0,0,25444,0,32,0,15,0,58,0,0,85,0,0,0,251,0,0,370,0,0,0,0,0,2174,2403,3550,0,0,0,0,0,0,0,0,2251,0,0,0,0,1277,0,29231,0,0,0,22724,0,0,3693,0,0,0,70152,0,0,0,0,26,0,15893,0,0,0,3,0,0,271,0,0,0,0,0,0,0,0,342,0,145,0,0,8147,0,1123,0,0,0,32,0,56056,0,0,523,0,0,0,0,1522
other ingredients,568749,0,0,19900,20,24275,0,0,29662,0,59902,0,161,3134,46097,0,0,363,0,0,0,15635,0,0,97216,20650,0,0,0,112576,158514,33157,17231,0,3426,0,64981,831,0,0,17379,55349,0,0,3409,21,161399,1166,91630,740,0,0,99588,0,838,0,149,1381,108540,274040,0,0,0,0,41923,7484,186813,48,0,0,64388,0,857,53280,0,0,0,0,0,0,3819,16,83137,1974,145706,4094,0,17190,14198,7106,0,18,0,16904,32458,148499,0,0,640,0,0,0,0,269
